Date,Recession,CPI,Unemployment Rate,Market Yield,Industrial Production Rate,Treasury Bill Rate,Capacity Utilization
1971-01-01,0.0,39.9,5.9,6.24,37.7008,4.44,77.7733
1971-02-01,0.0,39.9,5.9,6.11,37.629,3.7,77.612
1971-03-01,0.0,40.0,6.0,5.7,37.5883,3.38,77.2533
1971-04-01,0.0,40.1,5.9,5.83,37.7993,3.86,77.4617
1971-05-01,0.0,40.3,5.9,6.39,37.9911,4.14,77.7858
1971-06-01,0.0,40.5,5.9,6.52,38.1505,4.75,77.7843
1971-07-01,0.0,40.6,6.0,6.73,38.0397,5.4,77.7198
1971-08-01,0.0,40.7,6.1,6.58,37.819,4.94,76.6063
1971-09-01,0.0,40.8,6.0,6.14,38.4336,4.69,77.9607
1971-10-01,0.0,40.9,5.8,5.93,38.7213,4.46,78.9213
1971-11-01,0.0,41.0,6.0,5.81,38.8856,4.22,79.015
1971-12-01,0.0,41.1,6.0,5.93,39.3345,4.01,79.5499
1972-01-01,0.0,41.2,5.8,5.95,40.2751,3.38,81.3641
1972-02-01,0.0,41.4,5.7,6.08,40.6932,3.2,81.8427
1972-03-01,0.0,41.4,5.8,6.07,40.9766,3.73,82.1985
1972-04-01,0.0,41.5,5.7,6.19,41.3843,3.71,82.8812
1972-05-01,0.0,41.6,5.7,6.13,41.39,3.69,82.8124
1972-06-01,0.0,41.7,5.7,6.11,41.4898,3.91,82.8759
1972-07-01,0.0,41.8,5.6,6.11,41.4485,3.98,82.6379
1972-08-01,0.0,41.9,5.6,6.21,42.0158,4.02,83.5
1972-09-01,0.0,42.1,5.5,6.55,42.3429,4.66,83.9419
1972-10-01,0.0,42.2,5.6,6.48,42.8745,4.74,84.8748
1972-11-01,0.0,42.4,5.3,6.28,43.3834,4.78,85.6845
1972-12-01,0.0,42.5,5.2,6.36,43.8725,5.07,86.5679
1973-01-01,0.0,42.7,4.9,6.46,44.1952,5.41,86.9569
1973-02-01,0.0,43.0,5.0,6.64,44.8299,5.6,88.0723
1973-03-01,0.0,43.4,4.9,6.71,44.8444,6.09,87.9616
1973-04-01,0.0,43.7,5.0,6.67,44.7876,6.26,87.5448
1973-05-01,0.0,43.9,4.9,6.85,45.0922,6.36,87.7948
1973-06-01,0.0,44.2,4.9,6.9,45.1372,7.19,87.5181
1973-07-01,0.0,44.2,4.8,7.13,45.3163,8.01,87.5785
1973-08-01,0.0,45.0,4.8,7.4,45.2482,8.67,87.0654
1973-09-01,0.0,45.2,4.8,7.09,45.6148,8.29,87.4476
1973-10-01,0.0,45.6,4.6,6.79,45.9627,7.22,87.9726
1973-11-01,0.0,45.9,4.8,6.73,46.1781,7.83,88.3065
1973-12-01,1.0,46.3,4.9,6.74,46.0553,7.45,88.0708
1974-01-01,1.0,46.8,5.1,6.99,45.7415,7.77,87.0738
1974-02-01,1.0,47.3,5.2,6.96,45.6029,7.12,86.474
1974-03-01,1.0,47.8,5.1,7.21,45.6093,7.96,86.1348
1974-04-01,1.0,48.1,5.1,7.51,45.4865,8.33,85.5516
1974-05-01,1.0,48.6,5.1,7.58,45.8299,8.23,85.9119
1974-06-01,1.0,49.0,5.4,7.54,45.7552,7.9,85.6997
1974-07-01,1.0,49.3,5.5,7.81,45.828,7.55,85.4503
1974-08-01,1.0,49.9,5.5,8.04,45.3423,8.96,84.4809
1974-09-01,1.0,50.6,5.9,8.04,45.3551,8.06,84.305
1974-10-01,1.0,51.0,6.0,7.9,45.2077,7.46,83.5068
1974-11-01,1.0,51.5,6.6,7.68,43.7312,7.47,80.8715
1974-12-01,1.0,51.9,7.2,7.43,42.1667,7.15,77.0623
1975-01-01,1.0,52.3,8.1,7.5,41.588,6.26,75.3621
1975-02-01,1.0,52.6,8.1,7.39,40.6296,5.5,73.1397
1975-03-01,1.0,52.8,8.6,7.73,40.1811,5.49,72.0329
1975-04-01,0.0,53.0,8.8,8.23,40.26,5.61,71.905
1975-05-01,0.0,53.1,9.0,8.06,40.1391,5.23,71.6918
1975-06-01,0.0,53.5,8.8,7.86,40.3939,5.34,72.1801
1975-07-01,0.0,54.0,8.6,8.06,40.791,6.13,73.0588
1975-08-01,0.0,54.2,8.4,8.4,41.2089,6.44,73.6876
1975-09-01,0.0,54.6,8.4,8.43,41.7455,6.42,74.7918
1975-10-01,0.0,54.9,8.4,8.14,41.9223,5.96,75.035
1975-11-01,0.0,55.3,8.3,8.05,41.9745,5.48,74.995
1975-12-01,0.0,55.6,8.2,8.0,42.5521,5.44,75.9425
1976-01-01,0.0,55.8,7.9,7.74,43.1271,4.87,76.6969
1976-02-01,0.0,55.9,7.7,7.79,43.5561,4.88,77.6411
1976-03-01,0.0,56.0,7.6,7.73,43.6464,5.0,77.7126
1976-04-01,0.0,56.1,7.7,7.56,43.8709,4.86,77.9947
1976-05-01,0.0,56.4,7.4,7.9,44.055,5.2,78.2011
1976-06-01,0.0,56.7,7.6,7.86,44.0988,5.41,78.0949
1976-07-01,0.0,57.0,7.8,7.83,44.3519,5.23,78.4834
1976-08-01,0.0,57.3,7.8,7.77,44.6538,5.14,78.7956
1976-09-01,0.0,57.6,7.6,7.59,44.7817,5.08,78.7813
1976-10-01,0.0,57.9,7.7,7.41,44.783,4.92,78.5361
1976-11-01,0.0,58.1,7.8,7.29,45.4764,4.75,79.3861
1976-12-01,0.0,58.4,7.8,6.87,45.9469,4.35,80.0024
1977-01-01,0.0,58.7,7.5,7.21,45.6487,4.62,79.5162
1977-02-01,0.0,59.3,7.6,7.39,46.3805,4.67,80.7876
1977-03-01,0.0,59.6,7.4,7.46,46.9566,4.6,81.7338
1977-04-01,0.0,60.0,7.2,7.37,47.4185,4.54,82.4131
1977-05-01,0.0,60.2,7.0,7.46,47.7834,4.96,82.8425
1977-06-01,0.0,60.5,7.2,7.28,48.1403,5.02,83.3256
1977-07-01,0.0,60.8,6.9,7.33,48.1927,5.19,83.0878
1977-08-01,0.0,61.1,7.0,7.4,48.2499,5.49,83.3142
1977-09-01,0.0,61.3,6.8,7.34,48.4515,5.81,83.1431
1977-10-01,0.0,61.6,6.8,7.52,48.5177,6.16,83.052
1977-11-01,0.0,62.0,6.8,7.58,48.6111,6.1,83.0207
1977-12-01,0.0,62.3,6.4,7.69,48.6743,6.07,83.6435
1978-01-01,0.0,62.7,6.4,7.96,47.9744,6.44,82.1696
1978-02-01,0.0,63.0,6.3,8.03,48.2322,6.45,82.2571
1978-03-01,0.0,63.4,6.3,8.04,49.1693,6.29,83.4842
1978-04-01,0.0,63.9,6.1,8.15,50.1546,6.29,84.5006
1978-05-01,0.0,64.5,6.0,8.35,50.3971,6.41,84.6533
1978-06-01,0.0,65.0,5.9,8.46,50.7005,6.73,84.9926
1978-07-01,0.0,65.5,6.2,8.64,50.6512,7.01,84.6397
1978-08-01,0.0,65.9,5.9,8.41,50.8676,7.08,84.8058
1978-09-01,0.0,66.5,6.0,8.42,51.0077,7.85,84.9454
1978-10-01,0.0,67.1,5.8,8.64,51.3902,7.99,85.2589
1978-11-01,0.0,67.5,5.9,8.81,51.781,8.64,85.7883
1978-12-01,0.0,67.9,6.0,9.01,52.0449,9.08,86.1538
1979-01-01,0.0,68.5,5.9,9.1,51.7484,9.35,85.2667
1979-02-01,0.0,69.2,5.9,9.1,52.0053,9.32,85.2888
1979-03-01,0.0,69.9,5.8,9.12,52.1613,9.48,85.4557
1979-04-01,0.0,70.6,5.8,9.18,51.5654,9.46,83.8073
1979-05-01,0.0,71.4,5.6,9.25,52.0022,9.61,84.6869
1979-06-01,0.0,72.2,5.7,8.91,52.008,9.06,84.5523
1979-07-01,0.0,73.0,5.7,8.95,51.9231,9.24,84.387
1979-08-01,0.0,73.7,6.0,9.03,51.5966,9.52,83.1298
1979-09-01,0.0,74.4,5.9,9.33,51.5842,10.26,83.0261
1979-10-01,0.0,75.2,6.0,10.3,51.9405,11.7,83.2278
1979-11-01,0.0,76.0,5.9,10.65,51.8626,11.79,82.7782
1979-12-01,0.0,76.9,6.0,10.39,51.9025,12.04,82.8183
1980-01-01,0.0,78.0,6.3,10.8,52.1712,12.0,83.0159
1980-02-01,1.0,79.0,6.3,12.41,52.1976,12.86,82.7584
1980-03-01,1.0,80.1,6.3,12.75,51.9834,15.2,81.8788
1980-04-01,1.0,80.9,6.9,11.47,50.9746,13.2,80.0556
1980-05-01,1.0,81.7,7.5,10.18,49.7086,8.58,77.4906
1980-06-01,1.0,82.5,7.6,9.78,49.0754,7.07,76.0941
1980-07-01,1.0,82.6,7.8,10.25,48.7001,8.06,75.135
1980-08-01,0.0,83.2,7.7,11.1,48.8535,9.13,75.4838
1980-09-01,0.0,83.9,7.5,11.51,49.6791,10.27,76.568
1980-10-01,0.0,84.7,7.5,11.75,50.3058,11.62,77.7136
1980-11-01,0.0,85.6,7.5,12.68,51.1348,13.73,78.8528
1980-12-01,0.0,86.4,7.2,12.84,51.4875,15.49,78.9765
1981-01-01,0.0,87.2,7.5,12.57,51.1668,15.02,78.4224
1981-02-01,0.0,88.0,7.4,13.19,50.9509,14.79,77.7824
1981-03-01,0.0,88.6,7.4,13.12,51.2066,13.36,77.7973
1981-04-01,0.0,89.1,7.2,13.68,50.9711,13.69,77.9851
1981-05-01,0.0,89.7,7.5,14.1,51.2645,16.3,78.1459
1981-06-01,0.0,90.5,7.5,13.47,51.5247,14.73,77.5704
1981-07-01,0.0,91.5,7.2,14.28,51.8727,14.95,77.512
1981-08-01,1.0,92.2,7.4,14.94,51.8156,15.51,77.2998
1981-09-01,1.0,93.1,7.6,15.32,51.5692,14.7,76.8173
1981-10-01,1.0,93.4,7.9,15.15,51.1851,13.54,75.8904
1981-11-01,1.0,93.8,8.3,13.39,50.5914,10.86,74.757
1981-12-01,1.0,94.1,8.5,13.72,50.053,10.85,73.3678
1982-01-01,1.0,94.4,8.6,14.59,49.0358,12.28,71.413
1982-02-01,1.0,94.7,8.9,14.43,50.0309,13.48,73.2792
1982-03-01,1.0,94.7,9.0,13.86,49.6876,12.68,72.5891
1982-04-01,1.0,95.0,9.3,13.87,49.2266,12.7,71.8847
1982-05-01,1.0,95.9,9.4,13.62,48.8924,12.09,71.5995
1982-06-01,1.0,97.0,9.6,14.3,48.7588,12.47,71.4111
1982-07-01,1.0,97.5,9.8,13.95,48.5887,11.35,71.2073
1982-08-01,1.0,97.7,9.8,13.06,48.1582,8.68,70.4797
1982-09-01,1.0,97.7,10.1,12.34,48.0164,7.92,70.2386
1982-10-01,1.0,98.1,10.4,10.91,47.571,7.71,69.3128
1982-11-01,1.0,98.0,10.8,10.55,47.4235,8.07,68.8787
1982-12-01,0.0,97.7,10.8,10.54,47.0712,7.94,68.5876
1983-01-01,0.0,97.9,10.4,10.46,47.9518,7.86,70.14
1983-02-01,0.0,98.0,10.4,10.72,47.6648,8.11,70.0691
1983-03-01,0.0,98.1,10.3,10.51,48.054,8.35,70.6735
1983-04-01,0.0,98.8,10.2,10.4,48.6536,8.21,71.4938
1983-05-01,0.0,99.2,10.1,10.38,48.9668,8.19,72.3145
1983-06-01,0.0,99.4,10.1,10.85,49.251,8.79,72.8361
1983-07-01,0.0,99.8,9.4,11.38,49.9861,9.08,73.8327
1983-08-01,0.0,100.1,9.5,11.85,50.5862,9.34,74.4532
1983-09-01,0.0,100.4,9.2,11.65,51.3227,9.0,75.7844
1983-10-01,0.0,100.8,8.8,11.54,51.714,8.64,76.5092
1983-11-01,0.0,101.1,8.5,11.69,51.9425,8.76,76.8239
1983-12-01,0.0,101.4,8.3,11.83,52.1897,9.0,76.9253
1984-01-01,0.0,102.1,8.0,11.67,53.2371,8.9,78.2269
1984-02-01,0.0,102.6,7.8,11.84,53.4741,9.09,78.9765
1984-03-01,0.0,102.9,7.8,12.32,53.7313,9.52,79.2115
1984-04-01,0.0,103.3,7.7,12.63,54.0454,9.69,79.467
1984-05-01,0.0,103.5,7.4,13.41,54.3263,9.83,79.5409
1984-06-01,0.0,103.7,7.2,13.56,54.5095,9.87,79.7376
1984-07-01,0.0,104.1,7.5,13.36,54.6658,10.12,79.8631
1984-08-01,0.0,104.4,7.5,12.72,54.7307,10.47,79.8365
1984-09-01,0.0,104.7,7.3,12.52,54.5783,10.37,79.3583
1984-10-01,0.0,105.1,7.4,12.16,54.5549,9.74,79.5626
1984-11-01,0.0,105.3,7.2,11.57,54.74,8.61,79.5402
1984-12-01,0.0,105.5,7.3,11.5,54.7733,8.06,79.5165
1985-01-01,0.0,105.7,7.3,11.38,54.7203,7.76,79.0896
1985-02-01,0.0,106.3,7.2,11.51,54.91,8.27,78.5661
1985-03-01,0.0,106.8,7.2,11.86,54.9841,8.52,78.9421
1985-04-01,0.0,107.0,7.3,11.43,54.8853,7.95,78.4614
1985-05-01,0.0,107.2,7.2,10.85,54.952,7.48,78.3666
1985-06-01,0.0,107.5,7.4,10.16,54.9269,6.95,78.1835
1985-07-01,0.0,107.7,7.4,10.31,54.642,7.08,77.668
1985-08-01,0.0,107.9,7.1,10.33,54.8269,7.14,77.8769
1985-09-01,0.0,108.1,7.1,10.37,55.0447,7.1,77.78
1985-10-01,0.0,108.5,7.1,10.24,54.8418,7.16,77.4505
1985-11-01,0.0,109.0,7.0,9.78,55.0381,7.24,77.8557
1985-12-01,0.0,109.5,7.0,9.26,55.5958,7.1,78.0239
1986-01-01,0.0,109.9,6.7,9.19,55.8793,7.07,78.8498
1986-02-01,0.0,109.7,7.2,8.7,55.4963,7.06,78.331
1986-03-01,0.0,109.1,7.2,7.78,55.097,6.56,77.9801
1986-04-01,0.0,108.7,7.1,7.3,55.16,6.06,78.2846
1986-05-01,0.0,109.0,7.2,7.71,55.2556,6.15,78.3261
1986-06-01,0.0,109.4,7.2,7.8,55.0449,6.21,77.9265
1986-07-01,0.0,109.5,7.0,7.3,55.3725,5.83,78.2546
1986-08-01,0.0,109.6,6.9,7.17,55.2845,5.53,78.3752
1986-09-01,0.0,110.0,7.0,7.45,55.4459,5.21,78.5019
1986-10-01,0.0,110.2,7.0,7.43,55.6766,5.18,78.6551
1986-11-01,0.0,110.4,6.9,7.25,55.8828,5.35,78.7777
1986-12-01,0.0,110.8,6.6,7.11,56.4269,5.53,79.401
1987-01-01,0.0,111.4,6.6,7.08,56.2123,5.43,78.9375
1987-02-01,0.0,111.8,6.6,7.25,56.9589,5.59,79.9213
1987-03-01,0.0,112.2,6.6,7.25,57.0365,5.59,79.764
1987-04-01,0.0,112.7,6.3,8.02,57.3995,5.64,80.0213
1987-05-01,0.0,113.0,6.3,8.61,57.7653,5.66,80.3661
1987-06-01,0.0,113.5,6.2,8.4,58.0726,5.67,80.4849
1987-07-01,0.0,113.8,6.1,8.45,58.4772,5.69,80.9127
1987-08-01,0.0,114.3,6.0,8.76,58.9076,6.04,81.1531
1987-09-01,0.0,114.7,5.9,9.42,59.1237,6.4,81.5198
1987-10-01,0.0,115.0,6.0,9.52,59.9408,6.13,82.5757
1987-11-01,0.0,115.4,5.8,8.86,60.2323,5.69,82.8829
1987-12-01,0.0,115.6,5.7,8.99,60.5629,5.77,83.3249
1988-01-01,0.0,116.0,5.7,8.67,60.564,5.81,83.0578
1988-02-01,0.0,116.2,5.7,8.21,60.8632,5.66,83.2491
1988-03-01,0.0,116.5,5.7,8.37,61.0006,5.7,83.3961
1988-04-01,0.0,117.2,5.4,8.72,61.3536,5.91,84.0972
1988-05-01,0.0,117.5,5.6,9.09,61.2454,6.26,83.8695
1988-06-01,0.0,118.0,5.4,8.92,61.4107,6.46,83.99
1988-07-01,0.0,118.5,5.4,9.06,61.4169,6.73,83.9057
1988-08-01,0.0,119.0,5.6,9.26,61.7365,7.06,84.0101
1988-09-01,0.0,119.5,5.4,8.98,61.5395,7.24,84.2405
1988-10-01,0.0,119.9,5.4,8.8,61.7996,7.35,84.5317
1988-11-01,0.0,120.3,5.3,8.96,61.9552,7.76,84.7627
1988-12-01,0.0,120.7,5.3,9.11,62.2362,8.07,85.0483
1989-01-01,0.0,121.2,5.4,9.09,62.4165,8.27,85.6167
1989-02-01,0.0,121.6,5.2,9.17,62.1423,8.53,84.6582
1989-03-01,0.0,122.2,5.0,9.36,62.3049,8.82,84.4402
1989-04-01,0.0,123.1,5.2,9.18,62.2966,8.65,84.3978
1989-05-01,0.0,123.7,5.2,8.86,61.9483,8.43,83.5745
1989-06-01,0.0,124.1,5.3,8.28,61.9423,8.15,83.4819
1989-07-01,0.0,124.5,5.2,8.02,61.3334,7.88,82.2801
1989-08-01,0.0,124.5,5.2,8.11,61.9394,7.9,82.8376
1989-09-01,0.0,124.8,5.3,8.19,61.7394,7.75,82.4414
1989-10-01,0.0,125.4,5.3,8.01,61.6605,7.64,82.0136
1989-11-01,0.0,125.9,5.4,7.87,61.8627,7.69,81.9703
1989-12-01,0.0,126.3,5.4,7.84,62.2192,7.63,81.7949
1990-01-01,0.0,127.5,5.4,8.21,61.9021,7.64,81.5095
1990-02-01,0.0,128.0,5.3,8.47,62.464,7.74,82.4029
1990-03-01,0.0,128.6,5.2,8.59,62.7645,7.9,82.616
1990-04-01,0.0,128.9,5.4,8.79,62.6499,7.77,82.1268
1990-05-01,0.0,129.1,5.4,8.76,62.8126,7.74,82.1518
1990-06-01,0.0,129.9,5.2,8.48,63.0256,7.73,82.2298
1990-07-01,0.0,130.5,5.5,8.47,62.9353,7.62,81.8691
1990-08-01,1.0,131.6,5.7,8.75,63.172,7.45,82.0134
1990-09-01,1.0,132.5,5.9,8.89,63.1832,7.36,81.7499
1990-10-01,1.0,133.4,5.9,8.72,62.7886,7.17,81.0682
1990-11-01,1.0,133.7,6.2,8.39,62.0154,7.06,79.9897
1990-12-01,1.0,134.2,6.3,8.08,61.5915,6.74,79.2669
1991-01-01,1.0,134.7,6.4,8.09,61.3624,6.22,78.6333
1991-02-01,1.0,134.8,6.6,7.85,60.9255,5.94,77.9935
1991-03-01,1.0,134.8,6.8,8.11,60.5853,5.91,77.3269
1991-04-01,0.0,135.1,6.7,8.04,60.7604,5.65,77.5951
1991-05-01,0.0,135.6,6.9,8.07,61.3572,5.46,78.0206
1991-06-01,0.0,136.0,6.9,8.28,61.8396,5.57,78.6553
1991-07-01,0.0,136.2,6.8,8.27,62.0065,5.58,78.9684
1991-08-01,0.0,136.6,6.9,7.9,62.0141,5.33,78.9767
1991-09-01,0.0,137.0,6.9,7.65,62.5457,5.22,79.7017
1991-10-01,0.0,137.2,7.0,7.53,62.4572,4.99,79.4871
1991-11-01,0.0,137.8,7.0,7.42,62.371,4.56,79.2118
1991-12-01,0.0,138.2,7.3,7.09,62.0999,4.07,78.8932
1992-01-01,0.0,138.3,7.3,7.03,61.7744,3.8,78.2847
1992-02-01,0.0,138.6,7.4,7.34,62.2167,3.84,78.8083
1992-03-01,0.0,139.1,7.4,7.54,62.7223,4.04,79.4206
1992-04-01,0.0,139.4,7.4,7.48,63.1981,3.75,79.6663
1992-05-01,0.0,139.7,7.6,7.39,63.4008,3.63,79.9329
1992-06-01,0.0,140.1,7.8,7.26,63.4358,3.66,79.9867
1992-07-01,0.0,140.5,7.7,6.84,64.013,3.21,80.5113
1992-08-01,0.0,140.8,7.6,6.59,63.6652,3.13,79.9164
1992-09-01,0.0,141.1,7.6,6.42,63.8563,2.91,79.818
1992-10-01,0.0,141.7,7.3,6.59,64.3089,2.86,80.1177
1992-11-01,0.0,142.1,7.4,6.87,64.563,3.13,80.2354
1992-12-01,0.0,142.3,7.4,6.77,64.6477,3.22,80.0163
1993-01-01,0.0,142.8,7.3,6.6,64.9199,3.0,80.6189
1993-02-01,0.0,143.1,7.1,6.26,65.2156,2.93,80.6883
1993-03-01,0.0,143.3,7.0,5.98,65.1605,2.95,80.4064
1993-04-01,0.0,143.8,7.1,5.97,65.3503,2.87,80.6665
1993-05-01,0.0,144.2,7.1,6.04,65.0993,2.96,80.4342
1993-06-01,0.0,144.3,7.0,5.96,65.2428,3.07,80.2099
1993-07-01,0.0,144.5,6.9,5.81,65.3988,3.04,80.2571
1993-08-01,0.0,144.8,6.8,5.68,65.3265,3.02,79.9467
1993-09-01,0.0,145.0,6.7,5.36,65.6562,2.95,80.3429
1993-10-01,0.0,145.6,6.8,5.33,66.1632,3.02,80.8785
1993-11-01,0.0,146.0,6.6,5.72,66.4831,3.1,81.1104
1993-12-01,0.0,146.3,6.5,5.77,66.8399,3.06,81.3922
1994-01-01,0.0,146.3,6.6,5.75,67.0596,2.98,81.2906
1994-02-01,0.0,146.7,6.6,5.97,67.106,3.25,81.2203
1994-03-01,0.0,147.1,6.5,6.48,67.7792,3.5,82.0544
1994-04-01,0.0,147.2,6.4,6.97,68.1906,3.68,82.5441
1994-05-01,0.0,147.5,6.1,7.18,68.5136,4.14,82.7793
1994-06-01,0.0,147.9,6.1,7.1,68.9608,4.14,82.7479
1994-07-01,0.0,148.4,6.1,7.3,69.0536,4.33,82.7742
1994-08-01,0.0,149.0,6.0,7.24,69.5074,4.48,83.2093
1994-09-01,0.0,149.3,5.9,7.46,69.7304,4.62,83.2659
1994-10-01,0.0,149.4,5.8,7.74,70.2734,4.95,83.7331
1994-11-01,0.0,149.8,5.6,7.96,70.7471,5.29,84.0956
1994-12-01,0.0,150.1,5.5,7.81,71.4653,5.6,84.6805
1995-01-01,0.0,150.5,5.6,7.78,71.5873,5.71,84.5039
1995-02-01,0.0,150.9,5.4,7.47,71.4827,5.77,83.9532
1995-03-01,0.0,151.2,5.4,7.2,71.5962,5.73,83.8571
1995-04-01,0.0,151.8,5.8,7.06,71.4939,5.65,83.281
1995-05-01,0.0,152.1,5.6,6.63,71.8245,5.67,83.225
1995-06-01,0.0,152.4,5.6,6.17,72.0577,5.47,83.2567
1995-07-01,0.0,152.6,5.7,6.28,71.7421,5.42,82.3128
1995-08-01,0.0,152.9,5.7,6.49,72.6863,5.4,82.8894
1995-09-01,0.0,153.1,5.6,6.2,72.989,5.28,83.2762
1995-10-01,0.0,153.5,5.5,6.04,72.8743,5.28,82.7691
1995-11-01,0.0,153.7,5.6,5.93,73.0432,5.36,82.4149
1995-12-01,0.0,153.9,5.6,5.71,73.3148,5.14,82.2908
1996-01-01,0.0,154.7,5.6,5.65,72.9017,5.0,81.315
1996-02-01,0.0,155.0,5.5,5.81,73.955,4.83,82.0618
1996-03-01,0.0,155.5,5.5,6.27,73.8546,4.96,81.4431
1996-04-01,0.0,156.1,5.6,6.51,74.6152,4.95,82.0272
1996-05-01,0.0,156.4,5.6,6.74,75.15,5.02,82.1962
1996-06-01,0.0,156.7,5.3,6.91,75.719,5.09,82.5193
1996-07-01,0.0,157.0,5.5,6.87,75.7189,5.15,82.4308
1996-08-01,0.0,157.2,5.1,6.64,76.0875,5.05,82.3489
1996-09-01,0.0,157.7,5.2,6.83,76.5959,5.09,82.5763
1996-10-01,0.0,158.2,5.2,6.53,76.5662,4.99,82.0291
1996-11-01,0.0,158.7,5.4,6.2,77.2493,5.03,82.3045
1996-12-01,0.0,159.1,5.4,6.3,77.7342,4.91,82.5531
1997-01-01,0.0,159.4,5.3,6.58,77.8711,5.03,82.208
1997-02-01,0.0,159.7,5.2,6.42,78.7993,5.01,82.8889
1997-03-01,0.0,159.8,5.2,6.69,79.2746,5.14,83.1919
1997-04-01,0.0,159.9,5.1,6.89,79.3464,5.16,82.6376
1997-05-01,0.0,159.9,4.9,6.71,79.773,5.05,82.716
1997-06-01,0.0,160.2,5.0,6.49,80.1365,4.93,82.7247
1997-07-01,0.0,160.4,4.9,6.22,80.7798,5.05,82.7981
1997-08-01,0.0,160.8,4.8,6.3,81.6119,5.14,83.2737
1997-09-01,0.0,161.2,4.9,6.21,82.4022,4.95,83.4942
1997-10-01,0.0,161.5,4.7,6.03,83.1064,4.97,83.6385
1997-11-01,0.0,161.7,4.6,5.88,83.7534,5.14,83.8297
1997-12-01,0.0,161.8,4.7,5.81,84.1331,5.16,83.6787
1998-01-01,0.0,162.0,4.6,5.54,84.5113,5.04,83.6916
1998-02-01,0.0,162.0,4.6,5.57,84.6409,5.09,83.2048
1998-03-01,0.0,162.0,4.7,5.65,84.6684,5.03,82.4518
1998-04-01,0.0,162.2,4.3,5.64,84.9827,4.95,82.2608
1998-05-01,0.0,162.6,4.4,5.65,85.5129,5.0,82.0994
1998-06-01,0.0,162.8,4.5,5.5,84.998,4.98,80.9349
1998-07-01,0.0,163.2,4.5,5.46,84.6664,4.96,80.0857
1998-08-01,0.0,163.4,4.5,5.34,86.4183,4.9,81.5458
1998-09-01,0.0,163.5,4.6,4.81,86.3287,4.61,80.9624
1998-10-01,0.0,163.9,4.5,4.53,86.9767,3.96,81.2606
1998-11-01,0.0,164.1,4.4,4.83,86.9005,4.41,80.9233
1998-12-01,0.0,164.4,4.4,4.65,87.2514,4.39,80.9767
1999-01-01,0.0,164.7,4.3,4.72,87.6357,4.34,80.7858
1999-02-01,0.0,164.7,4.4,5.0,88.1298,4.44,81.0867
1999-03-01,0.0,164.8,4.2,5.23,88.2987,4.44,80.6837
1999-04-01,0.0,165.9,4.3,5.18,88.4947,4.29,80.589
1999-05-01,0.0,166.0,4.2,5.54,89.0447,4.5,80.8829
1999-06-01,0.0,166.0,4.3,5.9,88.9802,4.57,80.335
1999-07-01,0.0,166.7,4.3,5.79,89.5155,4.55,80.3382
1999-08-01,0.0,167.1,4.2,5.94,89.8984,4.72,80.4948
1999-09-01,0.0,167.8,4.2,5.92,89.496,4.68,79.8077
1999-10-01,0.0,168.1,4.1,6.11,90.6725,4.86,80.6648
1999-11-01,0.0,168.4,4.1,6.03,91.1438,5.07,80.8823
1999-12-01,0.0,168.8,4.0,6.28,91.8444,5.2,81.0962
2000-01-01,0.0,169.3,4.0,6.66,91.7942,5.32,80.7915
2000-02-01,0.0,170.0,4.1,6.52,92.1272,5.55,80.6848
2000-03-01,0.0,171.0,4.0,6.26,92.4733,5.69,80.8565
2000-04-01,0.0,170.9,3.8,5.99,93.0619,5.66,81.0452
2000-05-01,0.0,171.2,4.0,6.44,93.3427,5.79,80.735
2000-06-01,0.0,172.2,4.0,6.1,93.3908,5.69,80.5358
2000-07-01,0.0,172.7,4.0,6.05,93.204,5.96,80.2639
2000-08-01,0.0,172.7,4.1,5.83,92.9637,6.09,79.4299
2000-09-01,0.0,173.6,3.9,5.8,93.3533,6.0,79.5078
2000-10-01,0.0,173.9,3.9,5.74,93.0019,6.11,78.8856
2000-11-01,0.0,174.2,3.9,5.72,93.0137,6.17,78.354
2000-12-01,0.0,174.6,3.9,5.24,92.7388,5.77,77.6118
2001-01-01,0.0,175.6,4.2,5.16,92.2054,5.15,76.9454
2001-02-01,0.0,176.0,4.2,5.1,91.5813,4.88,76.1412
2001-03-01,0.0,176.1,4.3,4.89,91.3567,4.42,75.7186
2001-04-01,1.0,176.4,4.4,5.14,91.072,3.87,75.2164
2001-05-01,1.0,177.3,4.3,5.39,90.5335,3.62,74.5287
2001-06-01,1.0,177.7,4.5,5.28,90.0322,3.49,73.8849
2001-07-01,1.0,177.4,4.6,5.24,89.4778,3.51,73.3344
2001-08-01,1.0,177.4,4.9,4.97,89.3838,3.36,72.8643
2001-09-01,1.0,178.1,5.0,4.73,88.9262,2.64,72.4609
2001-10-01,1.0,177.6,5.3,4.57,88.6365,2.16,72.0104
2001-11-01,1.0,177.5,5.5,4.65,88.1058,1.87,71.6332
2001-12-01,0.0,177.4,5.7,5.09,88.0897,1.69,71.7041
2002-01-01,0.0,177.7,5.7,5.04,88.6706,1.65,72.0587
2002-02-01,0.0,178.0,5.7,4.91,88.6723,1.72,71.9802
2002-03-01,0.0,178.5,5.7,5.28,89.3624,1.79,72.4467
2002-04-01,0.0,179.3,5.9,5.21,89.7933,1.71,72.6267
2002-05-01,0.0,179.5,5.8,5.16,90.1629,1.73,72.9616
2002-06-01,0.0,179.6,5.8,4.93,90.9078,1.7,73.6609
2002-07-01,0.0,180.0,5.8,4.65,90.8761,1.68,73.5728
2002-08-01,0.0,180.5,5.7,4.26,90.785,1.62,73.6326
2002-09-01,0.0,180.8,5.7,3.87,90.8931,1.63,73.6899
2002-10-01,0.0,181.2,5.7,3.94,90.6289,1.58,73.4226
2002-11-01,0.0,181.5,5.9,4.05,91.1366,1.23,73.7994
2002-12-01,0.0,181.8,6.0,4.03,90.6374,1.19,73.3774
2003-01-01,0.0,182.6,5.8,4.05,91.3852,1.17,73.9601
2003-02-01,0.0,183.6,5.9,3.9,91.494,1.17,73.8724
2003-03-01,0.0,183.9,5.9,3.81,91.221,1.13,73.9219
2003-04-01,0.0,183.2,6.0,3.96,90.6448,1.13,73.3696
2003-05-01,0.0,182.9,6.1,3.57,90.6163,1.07,73.3998
2003-06-01,0.0,183.1,6.3,3.33,90.7372,0.92,73.7452
2003-07-01,0.0,183.7,6.2,3.98,91.2028,0.9,73.9948
2003-08-01,0.0,184.5,6.1,4.45,91.0119,0.95,73.6786
2003-09-01,0.0,185.1,6.1,4.27,91.6355,0.94,74.3427
2003-10-01,0.0,184.9,6.0,4.29,91.7372,0.92,74.4328
2003-11-01,0.0,185.0,5.8,4.3,92.3505,0.93,75.0814
2003-12-01,0.0,185.5,5.7,4.27,92.4019,0.9,75.0738
2004-01-01,0.0,186.3,5.7,4.15,92.5643,0.88,75.0396
2004-02-01,0.0,186.7,5.6,4.08,93.1092,0.93,75.6199
2004-03-01,0.0,187.1,5.8,3.83,92.7403,0.94,75.6255
2004-04-01,0.0,187.4,5.6,4.35,93.1255,0.94,75.9112
2004-05-01,0.0,188.2,5.6,4.72,93.797,1.02,76.4691
2004-06-01,0.0,188.9,5.6,4.73,93.0677,1.27,75.9619
2004-07-01,0.0,189.1,5.5,4.5,93.7646,1.33,76.6387
2004-08-01,0.0,189.2,5.4,4.28,93.8516,1.48,76.9795
2004-09-01,0.0,189.8,5.4,4.13,93.9393,1.65,76.9362
2004-10-01,0.0,190.8,5.5,4.1,94.8012,1.76,77.6203
2004-11-01,0.0,191.7,5.4,4.19,95.0379,2.07,77.5492
2004-12-01,0.0,191.7,5.4,4.23,95.7433,2.19,78.0325
2005-01-01,0.0,191.6,5.3,4.22,96.1164,2.33,78.4482
2005-02-01,0.0,192.4,5.4,4.17,96.82,2.54,79.0107
2005-03-01,0.0,193.1,5.2,4.5,96.6725,2.74,78.4856
2005-04-01,0.0,193.7,5.2,4.34,96.8638,2.78,78.6654
2005-05-01,0.0,193.6,5.1,4.14,96.9622,2.84,78.7415
2005-06-01,0.0,193.7,5.0,4.0,97.353,2.97,78.6905
2005-07-01,0.0,194.9,5.0,4.18,97.0425,3.22,78.2547
2005-08-01,0.0,196.1,4.9,4.26,97.3856,3.44,78.5366
2005-09-01,0.0,198.8,5.0,4.2,95.509,3.42,77.5279
2005-10-01,0.0,199.1,5.0,4.46,96.6445,3.71,78.4745
2005-11-01,0.0,198.1,5.0,4.54,97.6736,3.88,79.006
2005-12-01,0.0,198.1,4.9,4.47,98.2108,3.89,78.9399
2006-01-01,0.0,199.3,4.7,4.42,98.3353,4.24,79.4447
2006-02-01,0.0,199.4,4.8,4.57,98.3412,4.43,79.0676
2006-03-01,0.0,199.7,4.7,4.72,98.5915,4.51,78.953
2006-04-01,0.0,200.7,4.7,4.99,98.9042,4.6,79.1379
2006-05-01,0.0,201.3,4.6,5.11,98.8999,4.72,78.7977
2006-06-01,0.0,201.8,4.6,5.11,99.209,4.79,78.8739
2006-07-01,0.0,202.9,4.7,5.09,99.1473,4.95,78.4614
2006-08-01,0.0,203.8,4.7,4.88,99.5815,4.96,78.881
2006-09-01,0.0,202.8,4.5,4.72,99.4133,4.81,78.7879
2006-10-01,0.0,201.9,4.4,4.73,99.2931,4.92,78.2355
2006-11-01,0.0,202.0,4.5,4.6,99.2376,4.94,78.1336
2006-12-01,0.0,203.1,4.4,4.56,100.2526,4.85,79.0769
2007-01-01,0.0,203.437,4.6,4.76,99.86,4.98,78.5469
2007-02-01,0.0,204.226,4.5,4.72,100.8096,5.03,78.5755
2007-03-01,0.0,205.288,4.4,4.56,101.0257,4.94,79.034
2007-04-01,0.0,205.904,4.5,4.69,101.7497,4.87,79.3534
2007-05-01,0.0,206.755,4.4,4.75,101.8148,4.73,79.0733
2007-06-01,0.0,207.234,4.6,5.1,101.8424,4.61,79.1362
2007-07-01,0.0,207.603,4.7,5.0,101.7209,4.82,78.9257
2007-08-01,0.0,207.667,4.6,4.67,101.9639,4.2,78.541
2007-09-01,0.0,208.547,4.7,4.52,102.2023,3.89,78.6243
2007-10-01,0.0,209.19,4.7,4.53,101.8873,3.9,78.3521
2007-11-01,0.0,210.834,4.7,4.15,102.4717,3.27,78.6796
2007-12-01,0.0,211.445,5.0,4.1,102.4621,3.0,78.6701
2008-01-01,1.0,212.174,5.0,3.74,102.3148,2.75,78.4475
2008-02-01,1.0,212.687,4.9,3.74,101.9384,2.12,77.8991
2008-03-01,1.0,213.448,5.1,3.51,101.5904,1.26,77.5843
2008-04-01,1.0,213.942,5.0,3.68,100.9098,1.29,76.8661
2008-05-01,1.0,215.208,5.4,3.88,100.3073,1.73,76.4804
2008-06-01,1.0,217.463,5.6,4.1,100.0853,1.86,76.0365
2008-07-01,1.0,219.016,5.8,4.01,99.6124,1.63,75.3119
2008-08-01,1.0,218.69,6.1,3.89,98.0601,1.72,74.4725
2008-09-01,1.0,218.877,6.1,3.69,93.8451,1.13,72.0601
2008-10-01,1.0,216.995,6.5,3.81,94.7036,0.67,71.6749
2008-11-01,1.0,213.153,6.8,3.53,93.4737,0.19,69.9823
2008-12-01,1.0,211.398,7.3,2.42,90.825,0.03,67.7357
2009-01-01,1.0,211.933,7.8,2.52,88.583,0.13,65.6693
2009-02-01,1.0,212.705,8.3,2.87,88.0069,0.3,65.6699
2009-03-01,1.0,212.495,8.7,2.82,86.6045,0.21,64.5387
2009-04-01,1.0,212.709,9.0,2.93,85.9406,0.16,64.1931
2009-05-01,1.0,213.022,9.4,3.29,85.0635,0.18,63.5825
2009-06-01,1.0,214.79,9.5,3.72,84.7841,0.18,63.5113
2009-07-01,0.0,214.726,9.5,3.56,85.7471,0.18,64.5939
2009-08-01,0.0,215.445,9.6,3.59,86.7094,0.17,65.3749
2009-09-01,0.0,215.861,9.8,3.4,87.4072,0.12,66.0854
2009-10-01,0.0,216.509,10.0,3.39,87.6595,0.07,66.25
2009-11-01,0.0,217.234,9.9,3.4,88.0061,0.05,67.0015
2009-12-01,0.0,217.347,9.9,3.59,88.2819,0.05,66.9885
2010-01-01,0.0,217.488,9.8,3.73,89.2744,0.06,67.7922
2010-02-01,0.0,217.281,9.8,3.69,89.5648,0.11,67.827
2010-03-01,0.0,217.353,9.9,3.73,90.2296,0.15,68.8109
2010-04-01,0.0,217.403,9.9,3.85,90.5689,0.16,69.5046
2010-05-01,0.0,217.29,9.6,3.42,91.8247,0.16,70.5294
2010-06-01,0.0,217.199,9.4,3.2,92.007,0.12,70.6395
2010-07-01,0.0,217.605,9.4,3.01,92.3967,0.16,71.1565
2010-08-01,0.0,217.923,9.5,2.7,92.7118,0.16,71.3603
2010-09-01,0.0,218.275,9.5,2.65,92.9252,0.15,71.4872
2010-10-01,0.0,219.035,9.4,2.54,92.7115,0.13,71.6621
2010-11-01,0.0,219.59,9.8,2.76,92.7535,0.14,71.868
2010-12-01,0.0,220.472,9.3,3.29,93.6492,0.14,72.2958
2011-01-01,0.0,221.187,9.1,3.39,93.4768,0.15,72.4294
2011-02-01,0.0,221.898,9.0,3.58,93.0617,0.13,72.6194
2011-03-01,0.0,223.046,9.0,3.41,94.0244,0.1,73.1296
2011-04-01,0.0,224.093,9.1,3.46,93.7011,0.06,72.7784
2011-05-01,0.0,224.806,9.0,3.17,93.849,0.04,72.8177
2011-06-01,0.0,224.806,9.1,3.0,94.0844,0.04,72.8918
2011-07-01,0.0,225.395,9.0,3.0,94.5881,0.04,73.3307
2011-08-01,0.0,226.106,9.0,2.3,95.1605,0.02,73.6453
2011-09-01,0.0,226.597,9.0,1.98,95.0855,0.01,73.8004
2011-10-01,0.0,226.75,8.8,2.15,95.6902,0.02,74.1182
2011-11-01,0.0,227.169,8.6,2.01,95.7307,0.01,73.9334
2011-12-01,0.0,227.223,8.5,1.98,96.2047,0.01,74.3542
2012-01-01,0.0,227.842,8.3,1.97,96.7772,0.03,74.9046
2012-02-01,0.0,228.329,8.3,1.97,97.051,0.09,75.0774
2012-03-01,0.0,228.807,8.2,2.17,96.5714,0.08,74.6163
2012-04-01,0.0,229.187,8.2,2.05,97.3139,0.08,74.9302
2012-05-01,0.0,228.713,8.2,1.8,97.4669,0.09,74.5567
2012-06-01,0.0,228.524,8.2,1.62,97.4577,0.09,74.6641
2012-07-01,0.0,228.59,8.2,1.53,97.6786,0.1,74.4297
2012-08-01,0.0,229.918,8.1,1.68,97.2842,0.1,74.2434
2012-09-01,0.0,231.015,7.8,1.72,97.2295,0.11,74.011
2012-10-01,0.0,231.638,7.8,1.75,97.5344,0.1,73.789
2012-11-01,0.0,231.249,7.7,1.65,97.9837,0.09,74.197
2012-12-01,0.0,231.221,7.9,1.72,98.2122,0.07,74.6443
2013-01-01,0.0,231.679,8.0,1.91,98.1664,0.07,74.3777
2013-02-01,0.0,232.937,7.7,1.98,98.6458,0.1,74.6407
2013-03-01,0.0,232.282,7.5,1.96,99.0597,0.09,74.5496
2013-04-01,0.0,231.797,7.6,1.76,98.9927,0.06,74.2909
2013-05-01,0.0,231.893,7.5,1.93,99.0726,0.04,74.4875
2013-06-01,0.0,232.445,7.5,2.3,99.2065,0.05,74.5752
2013-07-01,0.0,232.9,7.3,2.58,98.9204,0.04,74.0039
2013-08-01,0.0,233.456,7.2,2.74,99.4996,0.04,74.6439
2013-09-01,0.0,233.544,7.2,2.81,100.0568,0.02,74.7201
2013-10-01,0.0,233.669,7.2,2.62,99.9168,0.05,74.8046
2013-11-01,0.0,234.1,6.9,2.72,100.1762,0.07,74.8208
2013-12-01,0.0,234.719,6.7,2.9,100.3658,0.07,74.7066
2014-01-01,0.0,235.288,6.6,2.86,100.038,0.04,73.9569
2014-02-01,0.0,235.547,6.7,2.71,100.7918,0.05,74.6798
2014-03-01,0.0,236.028,6.7,2.72,101.7782,0.05,75.3505
2014-04-01,0.0,236.468,6.2,2.71,101.8337,0.03,75.3697
2014-05-01,0.0,236.918,6.3,2.56,102.2325,0.03,75.6244
2014-06-01,0.0,237.231,6.1,2.6,102.5722,0.04,75.9105
2014-07-01,0.0,237.498,6.2,2.54,102.8479,0.03,76.3571
2014-08-01,0.0,237.46,6.1,2.42,102.6491,0.03,75.9553
2014-09-01,0.0,237.477,5.9,2.53,102.9858,0.02,76.0461
2014-10-01,0.0,237.43,5.7,2.3,102.9911,0.02,76.0201
2014-11-01,0.0,236.983,5.8,2.33,103.6669,0.02,76.5986
2014-12-01,0.0,236.252,5.6,2.21,103.6139,0.03,76.5264
2015-01-01,0.0,234.747,5.7,1.88,102.8479,0.03,76.2047
2015-02-01,0.0,235.342,5.5,1.98,102.2292,0.02,75.7136
2015-03-01,0.0,235.976,5.4,2.04,101.8945,0.03,76.0487
2015-04-01,0.0,236.222,5.4,1.94,101.2859,0.02,76.0926
2015-05-01,0.0,237.001,5.6,2.2,100.8408,0.02,76.1514
2015-06-01,0.0,237.657,5.3,2.36,100.5063,0.02,75.9062
2015-07-01,0.0,238.034,5.2,2.32,101.1831,0.03,76.5632
2015-08-01,0.0,238.033,5.1,2.17,100.9115,0.07,76.2315
2015-09-01,0.0,237.498,5.0,2.17,100.568,0.02,75.9954
2015-10-01,0.0,237.733,5.0,2.07,100.1588,0.02,75.9486
2015-11-01,0.0,238.017,5.1,2.26,99.4099,0.12,75.6848
2015-12-01,0.0,237.761,5.0,2.24,98.8329,0.23,75.4295
2016-01-01,0.0,237.652,4.8,2.09,99.4797,0.26,75.7671
2016-02-01,0.0,237.336,4.9,1.78,98.9583,0.31,75.4699
2016-03-01,0.0,238.08,5.0,1.89,98.1954,0.29,75.3614
2016-04-01,0.0,238.992,5.1,1.81,98.4673,0.23,75.1793
2016-05-01,0.0,239.557,4.8,1.81,98.2889,0.27,75.1086
2016-06-01,0.0,240.222,4.9,1.64,98.7201,0.27,75.1862
2016-07-01,0.0,240.101,4.8,1.5,98.8992,0.3,75.3001
2016-08-01,0.0,240.545,4.9,1.56,98.7249,0.3,74.9146
2016-09-01,0.0,241.176,5.0,1.63,98.606,0.29,75.0399
2016-10-01,0.0,241.741,4.9,1.76,98.6703,0.33,75.1352
2016-11-01,0.0,242.026,4.7,2.14,98.2288,0.45,75.0945
2016-12-01,0.0,242.637,4.7,2.49,98.8958,0.51,75.1542
2017-01-01,0.0,243.62,4.7,2.43,98.7446,0.51,75.4079
2017-02-01,0.0,243.872,4.6,2.42,98.3676,0.52,75.379
2017-03-01,0.0,243.766,4.4,2.48,99.1065,0.74,75.2656
2017-04-01,0.0,244.274,4.5,2.3,100.0363,0.8,76.19
2017-05-01,0.0,244.069,4.4,2.3,100.147,0.89,76.1961
2017-06-01,0.0,244.218,4.3,2.19,100.3042,0.98,76.2666
2017-07-01,0.0,244.28,4.3,2.32,100.2092,1.07,76.2171
2017-08-01,0.0,245.205,4.4,2.21,99.7055,1.01,76.089
2017-09-01,0.0,246.551,4.2,2.2,99.7485,1.03,76.2045
2017-10-01,0.0,246.657,4.1,2.36,100.988,1.07,77.0841
2017-11-01,0.0,247.378,4.2,2.35,101.273,1.23,77.1624
2017-12-01,0.0,247.736,4.1,2.4,101.3696,1.32,77.0313
2018-01-01,0.0,248.721,4.0,2.58,101.3561,1.41,76.8009
2018-02-01,0.0,249.3,4.1,2.86,101.6495,1.57,77.5258
2018-03-01,0.0,249.517,4.0,2.84,102.298,1.7,77.6486
2018-04-01,0.0,250.275,4.0,2.87,103.4095,1.76,78.1294
2018-05-01,0.0,250.786,3.8,2.98,102.5408,1.86,77.5005
2018-06-01,0.0,251.152,4.0,2.91,103.3045,1.9,77.881
2018-07-01,0.0,251.345,3.8,2.89,103.5474,1.96,78.0386
2018-08-01,0.0,251.735,3.8,2.89,104.1659,2.03,78.1692
2018-09-01,0.0,252.183,3.7,3.0,104.1315,2.13,78.1121
2018-10-01,0.0,252.899,3.8,3.15,103.9874,2.25,77.6998
2018-11-01,0.0,252.822,3.8,3.12,103.9127,2.33,77.3355
2018-12-01,0.0,252.493,3.9,2.83,103.867,2.37,77.4628
2019-01-01,0.0,252.441,4.0,2.71,103.3023,2.37,76.8491
2019-02-01,0.0,252.969,3.8,2.68,102.728,2.39,76.4051
2019-03-01,0.0,254.147,3.8,2.57,102.8635,2.4,76.3147
2019-04-01,0.0,255.326,3.7,2.53,102.2543,2.38,75.7032
2019-05-01,0.0,255.371,3.7,2.4,102.4519,2.35,75.7395
2019-06-01,0.0,255.423,3.6,2.07,102.384,2.17,75.883
2019-07-01,0.0,255.925,3.6,2.06,102.0568,2.1,75.5645
2019-08-01,0.0,256.118,3.7,1.63,102.6882,1.95,75.9633
2019-09-01,0.0,256.532,3.5,1.7,102.3143,1.89,75.5008
2019-10-01,0.0,257.387,3.6,1.71,101.4645,1.65,74.9731
2019-11-01,0.0,257.989,3.6,1.81,101.9876,1.54,75.5607
2019-12-01,0.0,258.203,3.6,1.86,101.6179,1.54,75.5997
2020-01-01,0.0,258.687,3.5,1.76,101.0918,1.52,75.4859
2020-02-01,0.0,258.824,3.5,1.5,101.3247,1.52,75.5139
2020-03-01,1.0,257.989,4.4,0.87,97.4477,0.29,72.2027
2020-04-01,1.0,256.192,14.8,0.66,84.2018,0.14,60.8142
2020-05-01,0.0,255.942,13.3,0.67,85.8434,0.13,63.6778
2020-06-01,0.0,257.282,11.1,0.73,91.1622,0.16,68.3408
2020-07-01,0.0,258.604,10.2,0.62,94.8887,0.13,71.1509
2020-08-01,0.0,259.511,8.4,0.65,95.8924,0.1,72.3083
2020-09-01,0.0,260.149,7.8,0.68,95.6019,0.11,72.3867
2020-10-01,0.0,260.462,6.9,0.79,96.6454,0.1,73.4897
2020-11-01,0.0,260.927,6.7,0.87,97.1609,0.09,73.9657
2020-12-01,0.0,261.56,6.7,0.93,98.2854,0.09,74.444
2021-01-01,0.0,262.231,6.3,1.08,99.4076,0.08,75.5545
2021-02-01,0.0,263.161,6.2,1.26,96.3966,0.04,72.7806
2021-03-01,0.0,264.793,6.0,1.61,99.1618,0.03,75.2547
2021-04-01,0.0,266.832,6.1,1.64,99.2416,0.02,75.0936
2021-05-01,0.0,268.551,5.8,1.62,99.9258,0.02,75.7204
2021-06-01,0.0,270.981,5.9,1.52,100.4246,0.04,75.4957
2021-07-01,0.0,272.265,5.4,1.32,101.4111,0.05,76.7555
2021-08-01,0.0,273.012,5.2,1.28,101.3222,0.05,76.4617
